Название,Цена,Ссылка
Подвесной светильник Сансет Black,5990,https://www.divan.ru/product/podvesnoj-svetilnik-sanset-black
Торшер Билли Black,13 990,https://www.divan.ru/product/torsher-billi-black
Подвесной светильник Бабл-9,15 990,https://www.divan.ru/product/podvesnoj-svetilnik-babl-9
Торшер Бабл-1,5990,https://www.divan.ru/product/torsher-babl-1
Подвесной светильник Бабл-3,4990,https://www.divan.ru/product/podvesnoj-svetilnik-babl-3
Бра Бабл Black,1590,https://www.divan.ru/product/bra-babl-black
Настольная лампа Дэнди Black,2990,https://www.divan.ru/product/nastolnaya-lampa-dendi-black
Настольная лампа Дэнди White,2990,https://www.divan.ru/product/nastolnaya-lampa-dendi-white
Торшер Варио White,3999,https://www.divan.ru/product/torsher-vario-white
Бра Варио Black,990,https://www.divan.ru/product/bra-vario-black
Бра Варио White,990,https://www.divan.ru/product/bra-vario-white
Подвесной светильник Сансет White,2990,https://www.divan.ru/product/podvesnoj-svetilnik-sanset-white
Подвесной светильник Кэндел Black,1990,https://www.divan.ru/product/podvesnoj-svetilnik-kendel-black
Подвесной светильник Кэндел White,3590,https://www.divan.ru/product/podvesnoj-svetilnik-kendel-white
Торшер Вена Black,10 990,https://www.divan.ru/product/torsher-vena-black
Настольная лампа Гровер Glass,4990,https://www.divan.ru/product/nastolnaya-lampa-grover-glass
Настольная лампа Рэй Black,3290,https://www.divan.ru/product/nastolnaya-lampa-rej-black
Торшер Рэй White,5590,https://www.divan.ru/product/torsher-rej-white
Торшер Мун Black,6990,https://www.divan.ru/product/torsher-mun-black
Торшер Варио Black,5990,https://www.divan.ru/product/torsher-vario-black
Настольная лампа Раффи Round,6590,https://www.divan.ru/product/nastolnaya-lampa-raffi-round
Торшер Гросс White,5990,https://www.divan.ru/product/torsher-gross-white
Бра Moderli Alina,4890,https://www.divan.ru/product/bra-moderli-alina
Подвесной светильник Маро Green,9990,https://www.divan.ru/product/podvesnoj-svetilnik-maro-green
Настольная лампа Машрум Grey,4590,https://www.divan.ru/product/nastolnaya-lampa-mashrum-grey
Настольная лампа Рэй White,2590,https://www.divan.ru/product/nastolnaya-lampa-rej-white
Светильник потолочный Matthew,5690,https://www.divan.ru/product/svetilnik-potolochnyj-matthew
Настольная лампа Junior-4,3290,https://www.divan.ru/product/nastolnaya-lampa-junior-4
Спот Лайт-1 Black,2390,https://www.divan.ru/product/spot-lajt-1-black
Настольная лампа Сфера Black,3990,https://www.divan.ru/product/nastolnaya-lampa-sfera-black
Люстра Монти-3 White,11 490,https://www.divan.ru/product/lyustra-monti-3-white
Бра Galdakao-1,6590,https://www.divan.ru/product/bra-galdakao
Подвесной светильник Tureis,3890,https://www.divan.ru/product/podvesnoj-svetilnik-tureis
Подвесной светильник Даклин White,8690,https://www.divan.ru/product/podvesnoj-svetilnik-daklin-white
Люстра Монти-5 White,17 190,https://www.divan.ru/product/lyustra-monti-5-white
Подвесной светильник Лиму-3 Black,5590,https://www.divan.ru/product/podvesnoj-svetilnik-limu-3-black
Торшер Билли White,13 990,https://www.divan.ru/product/torsher-billi-white
Бра Cornus Silver,5590,https://www.divan.ru/product/bra-cornus-silver
Спот Олден Brown,1090,https://www.divan.ru/product/spot-olden-brown
Бра Куб White,2190,https://www.divan.ru/product/bra-kub-white
Подвесной светильник Volare,4590,https://www.divan.ru/product/podvesnoj-svetilnik-volare
Ландшафтный светильник Визор Black,4490,https://www.divan.ru/product/landshaftnyj-svetilnik-vizor-black
Бра Bolla-Unica,5290,https://www.divan.ru/product/bra-bolla-unica
Люстра Леон-5 Black,11 290,https://www.divan.ru/product/lyustra-leon-5-black
Настольная лампа Мист Black,5590,https://www.divan.ru/product/nastolnaya-lampa-mist-black
Настольная лампа Palla Grey,13 590,https://www.divan.ru/product/nastolnaya-lampa-palla-grey
Подвесной светильник Фаро-3 White,6490,https://www.divan.ru/product/podvesnoj-svetilnik-faro-3-white
Люстра Нейва-4 Black,6790,https://www.divan.ru/product/lyustra-nejva-4-black
